PHP 7 Programming Cookbook,,,2020-09-18
PHP 7 Programming Blueprints,,,2020-09-18
Learning PHP 7,,,2020-09-18
Learning PHP 7 High Performance,,,2020-09-18
Modular Programming with PHP 7,,,2020-09-18
PHP 7 - Real World Application Development,,,2020-09-18
Better PHP Development,,,2020-09-18
Building a Web Application with PHP and MariaDB - A Reference Guide,,,2020-09-18
Better PHP Development,,,2020-09-18
Getting Good with PHP,,,2020-09-18
Instant PHP Web Scraping,,,2020-09-18
Integrating Web Services with OAuth and PHP,,,2020-09-18
Jump Start PHP Environment,,,2020-09-18
Jump Start PHP,,,2020-09-18
Learning PHP - A Gentle Introduction to the Web's Most Popular Language,,,2020-09-18
"Learning PHP, MySQL & JavaScript - With jQuery, CSS & HTML5 - Fourth Edition",,,2020-09-18
Mastering PHP Design Patterns,,,2020-09-18
Modern PHP - New Features and Good Practices,,,2020-09-18
PHP & MySQL - Novice to Ninja - Get Up to Speed With PHP the Easy Way - Sixth Edition,,,2020-09-18
"PHP Arrays - Single, Multi-dimensional, Associative and Object Arrays in PHP 7",,,2020-09-18
"PHP Objects, Patterns, and Practice - Fifth Edition",,,2020-09-18
PHP and MySQL Web Development - Fifth Edition,,,2020-09-18
PHP for the Web - Visual QuickStart Guide - Fifth Edition.pdf,,,2020-09-18
"PHP in Action - Objects, Design, Agility",,,2020-09-18
Persistence in PHP with Doctrine ORM,,,2020-09-18
Practical PHP and MySQL Website Databases,,,2020-09-18
Professional PHP Design Patterns,,,2020-09-18
Scaling PHP Applications,,,2020-09-18
Typed PHP - Stronger Types for Cleaner Code,,,2020-09-18